id_pytania,id_odp,tresc
1,1,12 lub mniej
1,2,13-14
1,3,15-16
1,4,17-18
1,5,19-20
1,6,20-25
1,7,26-30
1,8,31-35
1,9,36 lub więcej
2,1,Mężczyzna
2,2,Kobieta
2,3,Biologiczny mężczyzna czujący się jak kobieta
2,4,Biologiczna kobieta czująca się jak mężczyzna
3,1,Parę dni lub krócej
3,2,Tygodnie
3,3,Miesiące
3,4,Około rok
3,5,2-4 lata
3,6,5-6 lat
3,7,7-10 lat
3,8,więcej niż 10 lat
4,1,Nie wierzę i nie chodzę do kościoła
4,2,"Nie wierzę, ale chodzę do kościoła"
4,3,"Wierzę, ale nie chodzę do kościoła"
4,4,Wierzę i chodzę regularnie do świątyni
4,5,"Inne (inna religia, inne wierzenia)"
4,6,Nie czuję się komfortowo odpowiadając na to pytanie
5,1,Nie ukończyłem podstawówki
5,2,Ukończona tylko podstawówka/gimnazjum
5,3,Ukończona zawodówka
5,4,Ukończone technikum
5,5,Ukończone liceum
5,6,W trakcie studiów
5,7,Ukończone studia
6,1,"Tak, biorę udział gdy tylko mogę"
6,2,Czasami
6,3,Jedynie obserwuję
6,4,Nie uczestniczę i nie obserwuję
7,1,Pracuję w niepełnym wymiarze godzin
7,2,Pracuję na pełny etat
7,3,Jestem bezrobotny
7,4,Jestem rencistą
8,1,Tak
8,2,"Nie mam, bo nie chcę"
8,3,"Nie mam, bo nikt mnie nie chce"
8,4,"Miałem, ale już nie mam"
9,1,Tak
9,2,Nie
9,3,Nie jestem pewny/to kwestia dyskusyjna
10,1,Tak
10,2,Nie
11,1,Tak
11,2,Nie
12,1,Polska A
12,2,Polska B
12,3,Na Śląsku
12,4,Nie mieszkam w Polsce
13,1,Mniej niż 150cm
13,2,150 - 160 cm
13,3,161 - 165 cm
13,4,166 - 170 cm
13,5,171 - 175 cm
13,6,176 - 180 cm
13,7,181 - 185 cm
13,8,186 - 190 cm
13,9,Więcej niż 190 cm
14,1,"Tak, kilka razy dziennie"
14,2,"Tak, codziennie"
14,3,Czasami Jedynie poprzez linki z karachana
14,4,"Nie, nigdy"
14,5,Nie mam pojęcia co to jest
15,1,"Tak, lubię to"
15,2,"Tak, bo życie mnie do tego zmusza"
15,3,"Praktycznie tylko do trollowania, stalkowania lub walenia konia/cipy"
15,4,Nie korzystam
16,1,Tak
16,2,Nie
16,3,"Nie, ponieważ trafiły do mainstreamu"
16,4,Czasami
16,5,Nigdy mnie nie bawiły
17,1,"Tak, co weekend"
17,2,"Tak, zdarza się czasami"
17,3,Imprezuję kilka razy w roku
17,4,"Nie, bawie sie jedynie w Sylwestra"
17,5,"Nie, wcale. Nie mam z kim"
18,1,Roach
18,2,Testorange
18,3,Mitsuba Blue
18,4,Mitsuba
18,5,Kobato
18,6,Gurochan
18,7,Futaba
18,8,Dark Roach
18,9,Space
18,10,Photon
18,11,North
18,12,Stars
18,13,Muon
18,14,Cejro
18,15,Tommorow
18,16,Drive
18,17,EcoRoach
18,18,Rainbow Dash
18,19,Inny
19,1,Mniej niż 50 tys. mieszkańców
19,2,50 - 100 tys. mieszkańców
19,3,100 - 150 tys. mieszkańców
19,4,150 - 200 tys. mieszkańców
19,5, 200 - 250 tys. mieszkańców
19,6,250 - 500 tys. mieszkańców
19,7, 500 - 1000 tys. mieszkańców
19,8,1 - 2 miliony mieszkańców
19,9,"Ponad dwa miliony mieszkańców (PS: żadne polskie miasto tylu nie ma, Sebastianie)"
20,1,Czuję się absolutnie samotny
20,2,Tylko anony dają mi poczucie przynależności towarzyskiej
20,3,"Rzadko, ale zdarza mi się z kimś pogadać"
20,4,Umiarkowanie
20,5,Jestem całkiem towarzyski
20,6,Jestem duszą towarzystwa
21,1,"Tak, uwielbiam"
21,2,"Tak, czasami"
21,3,"Nie, mam na to wyjebane"
21,4,"Nie, prawie wcale"
21,5,"Nie, nienawidzę"
22,1,"Neutralny, nie przeszkadzają mi"
22,2,"Lubię ich, są potrzebni"
22,3,Nie powinno ich być.
22,4,Wyznaję JP 
23,1,"Mniej niż godzinę, czasami wcale"
23,2,Około godziny
23,3,Kilka godzin
23,4,Siedze kiedy tylko mogę
23,5,Cały dzień
24,1,Nigdy nie byłem zbanowany
24,2,Jeden
24,3,Kilka
24,4,Kilkanaście
24,5,Kilkadziesiąt lub więcej
25,1,Wcale
25,2,Kilka razy w roku
25,3,Kilka razy w miesiącu
25,4,Kilka razy w tygodniu
25,5,Raz dziennie
25,6,Kilka razy dziennie
26,1,Prawie wcale
26,2,Kilka razy w miesiącu
26,3,Kilka razy w tygodniu
26,4,Raz dziennie
26,5,Kilka razy dziennie
26,6,Prawie cały czas lurkuje
27,1,Nie pamietam
27,2,Od znajomego
27,3,Z Wykopu
27,4,Z Joemonstera
27,5,Nie miałem gdzie pójść po upadku Tapchana
27,6,Z 4chana
27,7,Z innego polskiego Chana
27,8,"Z portali społecznościowych (fb, ask, nk)"
27,9,Z YouTube (cenzo lub oc)
27,10,Inne
28,1,Tak
28,2,Nie
28,3,"Nie, bo nie potrafię obejść zabezpieczeń"
29,1,Tak
29,2,Nie
30,1,Tak
30,2,"Tak, ale bardzo wątpię, że mógłbym to naprawdę zrobić"
30,3,Nie
31,1,Heteroseksualnej
31,2,Homoseksualnej
31,3,Biseksualnej
31,4,Aseksualnej
31,5,Innej
31,6,"100% hetero mężczyzna here, ale pysznego penisa to bym ssał jak pojebany"
32,1,Tak
32,2,Nie
32,3,Kiedyś miałem
33,1,Chany dały mi więcej złego niż dobrego
33,2,Chany nie miały wpływu na jakość mojego zycia
33,3,Chany dały mojemu życiu więcej dobrego niż złego
34,1,"Noszę i wszyscy powinni to robić, to skuteczny sposób na ochronę przed wirusem"
34,2,"Noszę tam, gdzie grozi mi mandat"
34,3,"Chuj mnie strzela od tych maseczek, duszę się KURWAAA"
34,4,Nie noszę
34,5,"Nie noszę, bo absolutnie nie wychodzę z domu"
35,1,Tak
35,2,Nie
36,1,Tak
36,2,Nie
36,3,Nie czuję się komfortowo odpowiadając na to pytanie
37,1,Tak
37,2,Nie
37,3,Nie wiem
38,1,"Spoko, fajnie, że komuś się chce sprzątać ten syf"
38,2,Moderacja to rak
38,3,Stosunek obojętny
38,4,Moderacja jest nadgorliwa
38,5,Moderacja się opierdala
39,1,Tak i była to słuszna decyzja
39,2,Tak i żałuję tego
39,3,Nie i nie mam zamiaru
39,4,"Nie, ale nie wykluczam, że to zrobię"
40,1,"Tak, pogrążam się"
40,2,"Trochę przesadzam, ale wciąż mam kontrolę nad swoim życiem"
40,3,Nie
41,1,Tak
41,2,Nie
41,3,"Chciałbym, ale nie potrafię"
42,1,Tak
42,2,"Tak, aczkolwiek nie ja za to płacę"
42,3,Nie
43,1,Tak
43,2,Nie
43,3,Nie wiem co to
44,1,Nie mam wcale
44,2,Nigdy nie mierzyłem
44,3,Poniżej 8 cm
44,4,8-11 cm
44,5,12-14 cm
44,6,14-16 cm
44,7,16-18 cm
44,8,Powyżej 18 cm
45,1,Mam
45,2,Już nie mam
45,3,Nigdy nie miałem
46,1,Tak
46,2,Nie
46,3,Nie czuję się komfortowo odpowiadając na to pytanie
47,1,Tak
47,2,Nie
47,3,Jeszcze nie mogę
48,1,Skrajna lewica
48,2,Skrajna prawica
48,3,Lewico-prawica
48,4,Mam wyjebane
49,1,"Tak, raz"
49,2,"Tak, więcej niż raz"
49,3,Chciałbym mieszkać na Pandorze
49,4,"Nie, ale mam zamiar"
49,5,Nie i nie mam zamiaru
49,6,Nie mam pojęcia co to jest
50,1,Regularnie
50,2,Rzadko
50,3,Nie
51,1,Tak
51,2,Nie
51,3,"Trudno powiedzieć, coś może być na rzeczy"
52,1,Domek
52,2,Mieszkanie w bloku/kamienicy
53,1,Tak
53,2,Nie
53,3,Wycieram się w kabinie
53,4,Odczuwam chłód gdziekolwiek jestem
54,1,Wszystko na mój koszt
54,2,Dokładam pieniądze do wspólnego życia
54,3,Jestem pasożytem
55,1,Nic
55,2,Mniej niż tysiąc złotych
55,3,Do dwóch tysięcy złotych
55,4,Do trzech tysięcy złotych
55,5,Do czterech tysięcy złotych
55,6,Do pięciu tysięcy złotych
55,7,5-7 tysięcy złotych
55,8,7-9 tysięcy złotych
55,9,over 9000 złotych
56,1,Tak
56,2,Nie
56,3,"Takie posty powinny być tylko blokowane, bez banowania"
57,1,"Tak, państwo powinno zapewnić ośrodki walenia konia przez wykwalifikowane pielęgniarki"
57,2,Powinni otrzymywać dofinansowanie na uspokojenie lub leczenie psychiatryczne
57,3,Nie
57,4,"Powinni zostać poddani eksterminacji, bo są tylko ewolucyjnym odpadem"
57,5,"Chuj im w dupę, niech cierpią xD"
58,1,Tak
58,2,Nie
58,3,Nie jestem pewny
59,1,Nie przeszkadzają mi
59,2,"Za bardzo się forsują, kiedyś tego nie było i świat był lepszy"
59,3,"Też jestem tego typu zboczeńcem, ale nie dorabiam do tego ideologii czy polityki"
59,4,Jestem dumnym przedstawicielem tych środowisk
59,5,"Należy tych zboczeńców wrzucić do wora, a wór do jeziora"
60,1,Ten rok był dla mnie najlepszy
60,2, Lepiej
60,3, Tak samo
60,4, Gorzej
60,5,Rok 2022 zrujnował mi życie
61,1,Bycie anonimowym
61,2,Bycie spierdolonym
61,3,Nie dorabiam do tego ideologii
62,1,"Tak, powinien ustąpić miejsca nowemu głównemu"
62,2,"Tak, cała polska scena chanowa powinna pójść do piachu"
62,3,"Nie, Karachan to mój drugi dom i go kocham na dobre i na złe"
62,4,"Nie, powinien po prostu zostać taki jaki jest"
62,5,"Nie powinien zostać zamknięty, ale wymaga zmian, odświeżenia, rewitalizacji"
62,6,Nie mam zdania
63,1,Była za krótka
63,2,Było za dużo pytań
63,3,Było w sam raz
