id,pytanie
1,Ile masz lat?
2,Jakiej jesteś płci?
3,Jak długo jesteś na polskich chanach?
4,Jakim jesteś chrześcijaninem?
5,Edukacja
6,Czy bierzesz udział w raidach? 
7,Praca
8,Czy masz dziewczynę/chłopaka?
9,Czy jesteś prawiczkiem/dziewicą?
10,Czy kiedyś się całowałeś/aś?
11,Czy uważasz się za starociote?
12,W której części Polski mieszkasz?
13,Ile masz wzrostu?
14,Czy odwiedzasz Wykop?
15,"Czy korzystasz z mediów społecznościowych? (Instagram, Facebook, TikTok, Snapchat)"
16,Czy memy z papieżem nadal cię bawią?
17,Czy chodzisz na imprezy?
18,Jakiego stylu najczęściej używasz na Kara?
19,W jak dużym mieście mieszkasz?
20,Jak oceniasz swoje życie towarzyskie?
21,Czy oglądasz anime?
22,Jaki jest Twój stosunek do policji?
23,Ile czasu średnio spędzasz dziennie przed komputerem?
24,Ile miałeś już banów na polskich chanach?
25,Jak często się masturbujesz?
26,Jak często odwiedzasz Karachana?
27,Jak dowiedziałeś się o Karachanie? 
28,Lurkujesz z telefonu?
29,Spotkałeś się kiedyś z osobą poznaną na chanie?
30,Czy miewasz myśli samobójcze?
31,Jakiej jesteś orientacji seksualnej?
32,Czy masz stwierdzoną jakąś chorobę psychiczną?
33,Czy chany wpłynęły jakoś na twoje życie?
34,Jaki masz stosunek do noszenia maseczek?
35,Czy jesteś prześladowany przez godzine 21:37?
36,Czy wywodzisz się z patologicznej rodziny?
37,"Czy uważasz, że sieć 5G stanowi poważne zagrożenia dla zdrowia?"
38,Jaki jest twój stosunek do moderacji?
39,Czy zaszczepiłeś się przeciwko koronawirusowi?
40,"Czy nadużywasz jakichś używek? (papierosy, narkotyki, alkohol, leki)"
41,Czy tworzysz kontent dla polskich chanów?
42,"Masz Netflixa, Spotify, HBO Go lub inny abonament na normickie usługi?"
43,Czy board /fz/ (friend zone) powinien zostać przywrócony? 
44,"Jak długi masz siusiorek w zwodzie? (oszukując ankietę, oszukujesz siebie samego)"
45,Czy masz stulejkę (czy napletek ci nie schodzi)?
46,Masturbowałeś się kiedyś świadomie do zdjęć/filmów z wizerunkiem osoby małoletniej?
47,Czy głosujesz w wyborach?
48,Jakie są twoje poglądy polityczne?
49,Czy oglądałeś Avatar 2 i te słynne na'vi?
50,Golisz się w miejscach intymnych?
51,"Czy wierzysz w teorie spiskowe na temat koronawirusa? (NWO, depopulacja itp.)"
52,Mieszkasz w:
53,Czy odczuwasz chłód po wyjściu spod prysznica?
54,Czy żyjesz na swój koszt czy na czyimś utrzymaniu?
55,Ile zarabiasz miesięcznie na rękę? (W przypadku nieregularnych zarobków podaj średnią z 12 miesięcy).
56,"Czy uważasz, że banowanie za postowanie emotikonek jest nadal słuszne?"
57,"Czy uważasz, że sfrustrowane prawiczki (incele) powinny otrzymywać jakąś pomoc?"
58,"Czy uważasz, że seks jest niezbędny do prawidłowego, zdrowego funkcjonowania człowieka?"
59,Jaki masz stosunek do środowisk LGBTQ?
60,"Czy rok 2022 oceniasz lepiej, czy gorzej niż 2021?"
61,Bycie prawdziwym anonem na Karachanie oznacza przede wszystkim:
62,"Czy uważasz, że Karachan powinien zostać zamknięty?"
63,Co myślisz o tej ankiecie?
